{"cameraMode":{"drawMode":0,"name":"Shaded","section":"Shading Mode"},"sceneLighting":true,"audioPlay":false,"sceneViewState":{"m_AlwaysRefresh":false,"showFog":true,"showSkybox":true,"showFlares":true,"showImageEffects":true,"showParticleSystems":true,"showVisualEffectGraphs":true,"m_FxEnabled":true},"in2DMode":false,"pivot":{"x":2.2977569103240969,"y":-68.08464050292969,"z":25.10434341430664},"rotation":{"x":0.5466539263725281,"y":-0.012079877778887749,"z":0.007848767563700676,"w":0.8372684717178345},"size":64.42982482910156,"orthographic":false}